﻿<?xml version="1.0" encoding="UTF-8"?>

<process name="v5_个性化教师转正考核" xmlns="http://jbpm.org/4.4/jpdl" key="hrm.gxh_zhuanz" description="v5_个性化教师转正需要考核">
   <start g="170,61,48,48" name="start1">
      <transition g="-142,-10" name="填写完毕去教研组长审核" to="教研组长审核"/>
   </start>
   <task g="147,138,92,52" name="教研组长审核">
     <assignment-handler class="com.ebusiness.erp.workflow.hrm.controller.HrmAssignTask">
   </assignment-handler>
      <transition g="-146,-9" name="审核通过去教学总监审核" to="教学总监审核"/>
      <transition g="-14,-29" name="审核不同意" to="审核不同意"/>
   </task>
   <task g="148,226,92,52" name="教学总监审核">
     <assignment-handler class="com.ebusiness.erp.workflow.hrm.controller.HrmAssignTask">
   </assignment-handler>
      <transition g="-150,-7" name="审核通过去人力资源审核" to="人力资源审核"/>
      <transition g="-39,-26" name="审核不同意" to="审核不同意"/>
   </task>
   <task g="150,324,92,52" name="人力资源审核">
     <assignment-handler class="com.ebusiness.erp.workflow.hrm.controller.HrmAssignTask">
   </assignment-handler>
      <transition g="-70,-10" name="审核同意" to="审核同意"/>
      <transition g="-44,-21" name="审核不同意" to="审核不同意"/>
   </task>
   <java class="com.ebusiness.erp.workflow.hrm.controller.ChangeEventController" g="150,407,92,52" method="approvalSuccessInfo" name="审核同意">
    	<arg><object expr="#{poslevel}"/></arg>
   		<arg><object expr="#{processKey}"/></arg>
   		<arg><object expr="#{post}"/></arg>
    	<arg><object expr="#{employee_id}"/></arg>
      <transition to="流程结束"/>
   </java>
   <java class="com.ebusiness.erp.workflow.hrm.controller.ChangeEventController" g="353,291,92,52" method="approvalFail" name="审核不同意">
      <arg><object expr="#{employee_id}"/></arg>
      <transition to="流程结束"/>
   </java>
   <end g="173,495,48,48" name="流程结束"/>
</process>