<?xml version="1.0" encoding="UTF-8"?>

<process description="v5_跨月考勤置空审批流程，三层审批流程" key="erpv5.DXB_kuayue_zhikong" name="v5_跨月考勤置空——工作流" version="400" xmlns="http://jbpm.org/4.4/jpdl">
   <start g="238,26,48,48" name="start1">
      <transition g="-69,-14" name="to 一层审批" to="一层审批"/>
   </start>
   <task g="215,115,92,52" name="一层审批">
 	  <assignment-handler class="com.modules.work_flow.handle.OrgBranchAssignTask">
      </assignment-handler>
      <transition g="-50,-15" name="审批通过" to="业务线判断"/>
      <transition g="-8,-25" name="审批不通过" to="审批拒绝"/>
   </task>
   <task g="354,245,92,52" name="二层审批">
      <assignment-handler class="com.modules.work_flow.handle.OrgBranchAssignTask">
      </assignment-handler>
      <transition g="-54,-9" name="审批通过" to="三层审批"/>
      <transition g="-33,-22" name="审批不通过" to="审批拒绝"/>
   </task>
   <task g="354,318,92,52" name="三层审批">
      <assignment-handler class="com.modules.work_flow.handle.OrgBranchAssignTask">
      </assignment-handler>
      <transition g="-27,-22" name="审批通过" to="跨月置空生效"/>
      <transition g="-19,12" name="审批不通过" to="审批拒绝"/>
   </task>
   <decision expr="${bizTypeName}" g="238,247,80,40" name="业务线判断">
      <transition g="-35,-25" name="培英精品班" to="二层审批"/>
      <transition g="-44,-13" name="一对一" to="跨月置空生效"/>
   </decision>
   <java class="com.modules.work_flow.controller.ServiceAPI" g="217,355,92,52" method="doKuaYueZhiKong" name="跨月置空生效">
      <arg><object expr="#{attendanceId}"/></arg>
      <arg><object expr="#{schedulingId}"/></arg>
      <arg><object expr="#{studentId}"/></arg>
      <arg><object expr="#{courseDate}"/></arg>
      <arg><object expr="#{attendType}"/></arg>
      <arg><object expr="#{userId}"/></arg>
      <arg><object expr="#{branchId}"/></arg>
      <arg><object expr="1"/></arg>
      <transition g="-56,-13" name="to end1" to="end1"/>
   </java>
   <end g="240,443,48,48" name="end1"/>
   <end g="663,252,48,48" name="end2"/>
   <java class="com.modules.work_flow.controller.ServiceAPI" g="529,248,92,52" method="doKuaYueZhiKong" name="审批拒绝">
      <arg><object expr="#{attendanceId}"/></arg>
      <arg><object expr="#{schedulingId}"/></arg>
      <arg><object expr="#{studentId}"/></arg>
      <arg><object expr="#{courseDate}"/></arg>
      <arg><object expr="#{attendType}"/></arg>
      <arg><object expr="#{userId}"/></arg>
      <arg><object expr="#{branchId}"/></arg>
      <arg><object expr="0"/></arg>
      <transition to="end2"/>
   </java>
</process>