﻿<?xml version="1.0" encoding="UTF-8"?>

<process description="v5_大小班校区部转正考核流程" key="hrm.DXB_school_zhuanz" name="v5_大小班校区部转正" xmlns="http://jbpm.org/4.4/jpdl">
   <start g="200,100,48,48" name="start1">
      <transition g="-126,-5" name="填写完毕,内训师审核" to="内训师审核"/>
   </start>
   <task g="177,180,92,52" name="内训师审核">
     <assignment-handler class="com.ebusiness.erp.workflow.hrm.controller.HrmAssignTask">
   </assignment-handler>
      <transition g="-157,-6" name="审核同意,课程顾问总监审核" to="课程顾问总监审核"/>
      <transition g="-23,-43" name="审核不同意" to="审核失败"/>
   </task>
   <task g="159,262,126,58" name="课程顾问总监审核">
     <assignment-handler class="com.ebusiness.erp.workflow.hrm.controller.HrmAssignTask">
   </assignment-handler>
      <transition g="-152,-7" name="审核同意,人力资源部审核" to="人力资源部审核"/>
      <transition g="-42,-27" name="审核不同意" to="审核失败"/>
   </task>
   <task g="168,353,106,53" name="人力资源部审核">
     <assignment-handler class="com.ebusiness.erp.workflow.hrm.controller.HrmAssignTask">
   </assignment-handler>
      <transition g="-69,-11" name="审核同意" to="审核成功"/>
      <transition g="-49,-23" name="审核不同意" to="审核失败"/>
   </task>
   <java class="com.ebusiness.erp.workflow.hrm.controller.ChangeEventController" g="177,439,92,52" method="approvalSuccessInfo" name="审核成功">
   	<arg><object expr="#{employee_id}"/></arg>
   	<arg><object expr="#{post}"/></arg>
   	<arg><object expr="#{poslevel}"/></arg>
   	<arg><object expr="#{processKey}"/></arg>
      <transition g="-46,-17" name="to 结束" to="流程结束"/>
   </java>
   <java class="com.ebusiness.erp.workflow.hrm.controller.ChangeEventController" g="372,314,92,52" method="approvalFail" name="审核失败">
   		<arg><object expr="#{employee_id}"/></arg>
      <transition g="15,-6" name="to 结束" to="流程结束"/>
   </java>
   <end g="200,522,48,48" name="流程结束"/>

</process>