﻿<?xml version="1.0" encoding="UTF-8"?>

<process description="v5_学生报班设定了优惠规则，需要进行审批" key="erpv5.DXB_enter_class_03" name="v5_订单优惠审批-财务审批流程" version="400" xmlns="http://jbpm.org/4.4/jpdl">
   <start g="144,1,48,48" name="start1">
      <transition to="自动审批"/>
   </start>
   <task g="122,316,92,52" name="财务审批">
      <assignment-handler class="com.ebusiness.erp.workflow.ext.OrgBranchAssignTask">
      </assignment-handler>
      <transition g="-37,-27" name="订单审批不通过" to="订单作废"/>
      <transition g="-124,-16" name="审核通过，订单生效" to="审核通过"/>
   </task>
   <java class="com.ebusiness.erp.workflow.controller.ServiceAPI" g="339,316,92,52" method="doOrderUnpass" name="订单作废" var="orderChangeService">
   	  <arg><object expr="#{remark}"/></arg>
   	  <arg><object expr="#{order_id}"/></arg>
   	  <arg><object expr="#{laststep_user_id}"/></arg>
   </java>
   <java class="com.ebusiness.erp.workflow.controller.ServiceAPI" g="122,432,92,52" method="doOrderPass" name="审核通过" var="orderChangeService">
   	  <arg><object expr="#{remark}"/></arg>
   	  <arg><object expr="#{order_id}"/></arg>
   	  <arg><object expr="#{laststep_user_id}"/></arg>
      <transition to="订单生效"/>
   </java>
   <java class="com.ebusiness.erp.workflow.controller.ServiceAPI" g="121,76,92,52" method="doAutoPass" name="自动审批" var="result">
      <arg><object expr="#{order_id}"/></arg>
      <arg><object expr="#{application_id}"/></arg>
      <transition to="exclusive1"/>
   </java>
   <decision g="143,153,48,48" name="exclusive1">
      <transition g="-65,-13" name="转人工审批" to="财务审批">
      	<condition expr="#{result==&quot;menu&quot;}"/>
      </transition>
      <transition g="30,177;30,266;30,457:10,-111" name="自动审批通过" to="审核通过">
      	<condition expr="#{result==&quot;autopass&quot;}"/>
      </transition>
   </decision>
   <state g="123,531,92,52" name="订单生效"/>
</process>