﻿<?xml version="1.0" encoding="UTF-8"?>

<process key="erpv5.DXB_student_account_transfer" name="v5_学员跨团队账户互转审批" version="400" xmlns="http://jbpm.org/4.4/jpdl">
   <start g="67,29,48,48" name="开始">
      <transition g="-52,-22" name="to 财务部审批" to="财务部审批"/>
   </start>
   <task g="47,168,92,52" name="财务部审批">
   	<assignment-handler class="com.modules.work_flow.handle.OrgBranchAssignTask">
    	</assignment-handler> 
      <transition g="-50,-22" name="同意" to="转账生效"/>
      <transition g="-50,-22" name="拒绝" to="转账拒绝"/>
   </task>
   <java class="com.modules.work_flow.controller.ServiceAPI" g="44,261,98,52" method="transStuAccount" name="转账生效">
      <arg><object expr="#{dynamic_id}"/></arg>
      <arg><object expr="1"/></arg>
      <transition to="同意"/>
   </java>
   <java class="com.modules.work_flow.controller.ServiceAPI" g="44,261,98,52" method="transStuAccount" name="转账拒绝">
      <arg><object expr="#{dynamic_id}"/></arg>
      <arg><object expr="0"/></arg>
      <transition to="拒绝"/>
   </java>
   <end g="68,378,48,48" name="同意"/>
   <end g="232,171,48,48" name="拒绝"/>
</process>