﻿<?xml version="1.0" encoding="UTF-8"?>

<process description="v5_个性化学管部转正考核流程" key="hrm.gxh_manger_zhuanz" name="v5_个性化学管部转正考核流程" xmlns="http://jbpm.org/4.4/jpdl">
   <start g="136,71,48,48" name="start1">
      <transition g="-150,-11" name="发起流程，去校区总监审核" to="校区总监审核"/>
   </start>
   <task g="113,153,92,52" name="校区总监审核">
     <assignment-handler class="com.ebusiness.erp.workflow.hrm.controller.HrmAssignTask">
   </assignment-handler>
      <transition g="-132,-14" name="审核同意去联合总监审核" to="联合总监审核"/>
      <transition g="-37,-35" name="审核不同意" to="审核失败"/>
   </task>
   <task g="112,228,92,52" name="联合总监审核">
     <assignment-handler class="com.ebusiness.erp.workflow.hrm.controller.HrmAssignTask">
   </assignment-handler>
      <transition g="-142,-7" name="审核同意去人力资源审核" to="人力资源审核"/>
      <transition g="-54,-27" name="审核不同意" to="审核失败"/>
   </task>
   <task g="115,304,92,52" name="人力资源审核">
     <assignment-handler class="com.ebusiness.erp.workflow.hrm.controller.HrmAssignTask">
   </assignment-handler>
      <transition g="-78,-10" name="审核成功" to="审核成功"/>
      <transition g="-53,-22" name="审核不同意" to="审核失败"/>
   </task>
   <java g="115,372,92,52" name="审核成功" class="com.ebusiness.erp.workflow.hrm.controller.ChangeEventController" method="approvalSuccessInfo">
   		<arg><object expr="#{poslevel}"/></arg>
  	 	<arg><object expr="#{processKey}"/></arg>
   		<arg><object expr="#{employee_id}"/></arg>
   		<arg><object expr="#{post}"/></arg>
      <transition g="-69,-13" name="to 流程结束" to="流程结束"/>
   </java>
   <java g="301,271,92,52" name="审核失败" class="com.ebusiness.erp.workflow.hrm.controller.ChangeEventController" method="approvalFail">
   <arg><object expr="#{employee_id}"/></arg>
      <transition g="26,-23" name="to 流程结束" to="流程结束"/>
   </java>
   <end g="138,461,48,48" name="流程结束"/>
</process>