﻿<?xml version="1.0" encoding="UTF-8"?>

<process description="v5_个性化咨询部360度考评问卷" key="hrm.gxh_zixun_360kaoping" name="v5_个性化咨询部360度考评问卷" xmlns="http://jbpm.org/4.4/jpdl">
   <start g="199,103,48,48" name="start1">
      <transition g="-72,-12" name="填写完毕" to="校区"/>
   </start>
   <task g="175,188,92,52" name="校区">
     <assignment-handler class="com.ebusiness.erp.workflow.hrm.controller.HrmAssignTask">
   </assignment-handler>
      <transition g="-147,-14" name="填写完毕给人力资源评价" to="人力资源"/>
   </task>
   <task g="172,278,92,52" name="人力资源">
     <assignment-handler class="com.ebusiness.erp.workflow.hrm.controller.HrmAssignTask">
   </assignment-handler>
      <transition name="评价完毕，流程结束" to="end1" g="-114,-6"/>
   </task>
   <end g="193,361,48,48" name="end1"/>
</process>