﻿<?xml version="1.0" encoding="UTF-8"?>

<process description="v5_学生理赔需要进行审批" key="erpv5.DXB_lipei" name="v5_班级课-理赔审批" version="400" xmlns="http://jbpm.org/4.4/jpdl">
   <task g="75,98,92,52" name="校区总监审批">
      <assignment-handler class="com.modules.work_flow.handle.OrgBranchAssignTask">
      </assignment-handler>
      <transition g="-101,-4" name="审核通过，转财务审批" to="财务审批"/>
      <transition g="-75,-29" name="审批不通过，理赔单作废" to="理赔申请不通过"/>
   </task>
   <task g="75,186,92,52" name="财务审批">
      <assignment-handler class="com.modules.work_flow.handle.OrgBranchAssignTask">
      </assignment-handler>
      <transition g="-76,-20" name="审批不通过，理赔单作废" to="理赔申请不通过"/>
      <transition name="审批通过，进行理赔处理" to="申请通过，理赔处理" g="-106,-10"/>
   </task>
   <end g="496,188,48,48" name="end2"/>
   <java class="com.modules.work_flow.controller.ServiceAPI" g="74,279,92,52" method="studentClaimVerify" name="申请通过，理赔处理">
      <arg><object expr="#{dynamic_id}"/></arg>
   	  <arg><object expr="3"/></arg>
   	  <arg><object expr="#{laststep_user_id}"/></arg>
      <transition to="end1"/>
      <transition name="审批不通过，理赔单作废" to="理赔申请不通过" g="-71,-8"/>
   </java>
   <end g="97,360,48,48" name="end1"/>
   <start g="98,13,48,48" name="start1">
      <transition g="-53,-14" name="校区总监审批" to="校区总监审批"/>
   </start>
   <java class="com.modules.work_flow.controller.ServiceAPI" g="362,185,92,52" method="studentClaimVerify" name="理赔申请不通过">
   	  <arg><object expr="#{dynamic_id}"/></arg>
   	  <arg><object expr="2"/></arg>
   	  <arg><object expr="#{laststep_user_id}"/></arg>
      <transition to="end2"/>
   </java>
</process>