﻿<?xml version="1.0" encoding="UTF-8"?>

<process description="v5_班级课退费审批流程，财务审批流程" key="erpv5.DXB_tuifei2" name="v5_班级课-财务审批流程" version="400" xmlns="http://jbpm.org/4.4/jpdl">
   <start g="91,68,48,48" name="start1">
      <transition g="-69,-14" name="to 财务审批" to="财务审批"/>
   </start>
   <task g="68,189,92,52" name="财务审批">
      <assignment-handler class="com.modules.work_flow.handle.OrgBranchAssignTask">
      </assignment-handler>
      <transition g="-70,-15" name="审批通过，退费单生效" to="退费单生效"/>
      <transition g="-71,1" name="审批不通过，退费单作废" to="退费单作废"/>
   </task>
   <java class="com.modules.work_flow.controller.ServiceAPI" g="67,310,92,52" method="doOrderChangeAudit" name="退费单生效">
      <arg><object expr="#{change_id}"/></arg>
      <arg><object expr="#{remark_order}"/></arg>
      <arg><object expr="1"/></arg>
      <arg><object expr="#{laststep_user_id}"/></arg>
      <transition g="-56,-13" name="to end1" to="end1"/>
   </java>
   <end g="90,411,48,48" name="end1"/>
   <end g="457,193,48,48" name="end2"/>
   <java class="com.modules.work_flow.controller.ServiceAPI" g="313,190,92,52" method="doOrderChangeAudit" name="退费单作废">
      <arg><object expr="#{change_id}"/></arg>
      <arg><object expr="#{remark_order}"/></arg>
      <arg><object expr="0"/></arg>
      <arg><object expr="#{laststep_user_id}"/></arg>
      <transition to="end2"/>
   </java>
</process>