﻿<?xml version="1.0" encoding="UTF-8"?>

<process description="v5_班级课订单手工作废审批流程处理" key="erpv5.DXB_order_menucancel" name="v5_班级课-订单手工作废审批" version="400" xmlns="http://jbpm.org/4.4/jpdl">
   <start g="85,87,48,48" name="start1">
      <transition to="订单作废，校区总监审批"/>
   </start>
   <task g="18,161,180,52" name="订单作废，校区总监审批">
      <assignment-handler class="com.modules.work_flow.handle.OrgBranchAssignTask">
      </assignment-handler>
      <transition g="-70,-25" name="审批不通过，订单作废失效" to="end2"/>
      <transition g="7,-11" name="审批通过，订单作废处理" to="订单作废处理"/>
   </task>
   <java class="com.modules.work_flow.controller.ServiceAPI" g="30,263,154,52" method="doOrderChange_3" name="订单作废处理">
      <arg><object expr="#{remark_order}"/></arg>
      <arg><object expr="#{order_id}"/></arg>
      <arg><object expr="#{laststep_user_id}"/></arg>
      <transition to="end1"/>
   </java>
   <end g="84,347,48,48" name="end1"/>
   <end g="339,164,48,48" name="end2"/>
</process>