﻿<?xml version="1.0" encoding="UTF-8"?>

<process description="v5_转正审批流程" key="hrm_apply_shenpi" name="v5_转正审批流程" xmlns="http://jbpm.org/4.4/jpdl">
	<start g="244,192,48,48" name="start1">
      <transition g="-115,-12" name="填写完毕,去一层审批" to="一层审批"/>
	</start>
	<task g="221,291,92,52" name="一层审批">
		<assignment-handler class="com.ebusiness.erp.workflow.hrm.controller.HrmAssignTask1">
		</assignment-handler>
		<transition g="-125,-13" name="审批同意，去二层审批" to="二层审批"/>
      <transition g="-33,-30" name="审核不通过" to="审核不通过"/>
	</task>
	<task g="223,385,92,52" name="二层审批">
		<assignment-handler class="com.ebusiness.erp.workflow.hrm.controller.HrmAssignTask2">
		</assignment-handler>
		<transition g="-126,-13" name="审批同意，去三层审批" to="三层审批"/>
      <transition g="-40,-21" name="审核不通过" to="审核不通过"/>
	</task>
	<task g="221,470,92,52" name="三层审批">
	<assignment-handler class="com.ebusiness.erp.workflow.hrm.controller.HrmAssignTask3">
		</assignment-handler>
		<transition g="-58,-8" name="审核通过" to="审核通过"/>
		<transition g="-41,-21" name="审核不通过" to="审核不通过"/>
	</task>
	<end g="243,661,48,55" name="审批结束"/>
	<java class="com.ebusiness.erp.workflow.hrm.controller.ChangeEventController" g="406,381,92,52" method="approvalFail" name="审核不通过">
		<arg>
			<object expr="#{employee_id}"/>
		</arg>
      <transition name="审批结束" to="审批结束" g="25,-24"/>
	</java>
	<java class="com.ebusiness.erp.workflow.hrm.controller.ChangeEventController" g="220,563,92,52" method="approvalSuccess" name="审核通过">
		<arg>
			<object expr="#{employee_id}"/>
		</arg>
      <transition name="审批结束" to="审批结束" g="-73,-10"/>
	</java>
</process>